Year,Actual,Predicted,Error
2019,41.0,40.81523225331594,0.18476774668405938
2020,39.6,39.133811747571045,0.4661882524289567
2021,38.3,37.45573183257752,0.8442681674224772
2022,37.0,35.780985871359945,1.2190141286400547
