Year,Predicted_Mortality,Lower_CI,Upper_CI
2024,35.6986095915747,35.4168720542952,35.980347128854206
2025,34.399909288653454,33.71861985013089,35.081198727176016
2026,33.103893530516295,31.92820095591583,34.27958610511676
2027,31.810556767937836,30.061222757426915,33.559890778448754
2028,30.51989346316349,28.127614901639568,32.912172024687415
2029,29.231898089885775,26.134411138556214,32.32938504121533
2030,27.94656513322064,24.08693411143258,31.806196155008703
